{
    "Questions":
        [
            {
                "Type": "YesNo",
                "Question": " What would you like to call your luxury workspace",
                "ShowDefault": true,
                "Default": "my_cool_software",
                "AllowHelp": false,
                "Help": "",
                "ShowValidOptions": false,
                "ValidOptions": "",
                "ValidationRegex": false
            },
            {
                "Type": "YesNo",
                "Question": " What would you like the default password for the code editor to be",
                "ShowDefault": true,
                "Default": "123456789",
                "AllowHelp": false,
                "Help": "",
                "ShowValidOptions": false,
                "ValidOptions": "",
                "ValidationRegex": false
            },
            {
                "Type": "YesNo",
                "Question": " What would you like the repository prefix for your docker images and containers to be",
                "ShowDefault": true,
                "Default": "luxury",
                "AllowHelp": false,
                "Help": "",
                "ShowValidOptions": false,
                "ValidOptions": "",
                "ValidationRegex": false
            },
            {
                "Type": "YesNo",
                "Question": " What port would you like to expose the code editor on",
                "ShowDefault": true,
                "Default": "12345",
                "AllowHelp": false,
                "Help": "",
                "ShowValidOptions": false,
                "ValidOptions": "",
                "ValidationRegex": false
            },
            {
                "Type": "YesNo",
                "Question": " Would you like the code editor limited to the local device (explicitly mapping the exposed docker port to 127.0.0.1)",
                "ShowDefault": true,
                "Default": "Y",
                "AllowHelp": false,
                "Help": "",
                "ShowValidOptions": false,
                "ValidOptions": "",
                "ValidationRegex": false
            },
            {
                "ID": "AutoGenerateDockerfile",
                "Type": "YesNo",
                "Question": " Would you like me to generate a Dockerfile",
                "ShowDefault": true,
                "Default": "Y",
                "AllowHelp": false,
                "Help": "",
                "ShowValidOptions": false,
                "ValidOptions": "",
                "ValidationRegex": false
            },
            {
                "Type": "YesNo",
                "RequiredAffirmatives": ["AutoGenerateDockerfile"],
                "Question": " What would you like the Dockerfile to be called",
                "ShowDefault": true,
                "Default": "Dockerfile_LUXURY",
                "AllowHelp": false,
                "Help": "",
                "ShowValidOptions": false,
                "ValidOptions": "",
                "ValidationRegex": false
            },
            {
                "ID": "RunStrictureInDocker",
                "Type": "YesNo",
                "RequiredAffirmatives": ["AutoGenerateDockerfile"],
                "Question": " Would you like to run Stricture on a folder/file",
                "ShowDefault": true,
                "Default": "N",
                "AllowHelp": false,
                "Help": "",
                "ShowValidOptions": false,
                "ValidOptions": "",
                "ValidationRegex": false
            },
            {
                "Type": "YesNo",
                "RequiredAffirmatives": ["AutoGenerateDockerfile", "RunStrictureInDocker"],
                "Question": " Which file",
                "ShowDefault": true,
                "Default": "./Model.ddl",
                "AllowHelp": false,
                "Help": "",
                "ShowValidOptions": false,
                "ValidOptions": "",
                "ValidationRegex": false
            },
            {
                "ID": "MySQLInDocker",
                "Type": "YesNo",
                "RequiredAffirmatives": ["AutoGenerateDockerfile"],
                "Question": " Would you like MySQL in the Docker Environment",
                "ShowDefault": true,
                "Default": "N",
                "AllowHelp": false,
                "Help": "",
                "ShowValidOptions": false,
                "ValidOptions": "",
                "ValidationRegex": false
            },
            {
                "Type": "YesNo",
                "RequiredAffirmatives": ["AutoGenerateDockerfile", "MySQLInDocker"],
                "Question": " Would you like to expose the MySQL port",
                "ShowDefault": true,
                "Default": "Y",
                "AllowHelp": false,
                "Help": "",
                "ShowValidOptions": false,
                "ValidOptions": "",
                "ValidationRegex": false
            },
            {
                "Type": "YesNo",
                "RequiredAffirmatives": ["AutoGenerateDockerfile", "MySQLInDocker"],
                "Question": " What port would you like to expose MySQL on",
                "ShowDefault": true,
                "Default": "3306",
                "AllowHelp": false,
                "Help": "",
                "ShowValidOptions": false,
                "ValidOptions": "",
                "ValidationRegex": false
            },
            {
                "Type": "YesNo",
                "RequiredAffirmatives": ["AutoGenerateDockerfile", "MySQLInDocker"],
                "Question": " What would you like the default mysql root password to be",
                "ShowDefault": true,
                "Default": "123456789",
                "AllowHelp": false,
                "Help": "",
                "ShowValidOptions": false,
                "ValidOptions": "",
                "ValidationRegex": false
            },
            {
                "Type": "YesNo",
                "RequiredAffirmatives": ["AutoGenerateDockerfile", "MySQLInDocker"],
                "Question": " What would you like the database name to be",
                "ShowDefault": true,
                "Default": "luxury_database",
                "AllowHelp": false,
                "Help": "",
                "ShowValidOptions": false,
                "ValidOptions": "",
                "ValidationRegex": false
            },
            {
                "ID": "AutoExecuteSQLScript",
                "Type": "YesNo",
                "Question": " Would you like to execute a SQL database population script on container creation (the database is created automatically)",
                "RequiredAffirmatives": ["AutoGenerateDockerfile", "MySQLInDocker"],
                "ShowDefault": true,
                "Default": "N",
                "AllowHelp": false,
                "Help": "",
                "ShowValidOptions": false,
                "ValidOptions": "",
                "ValidationRegex": false
            },
            {
                "Type": "YesNo",
                "RequiredAffirmatives": ["AutoGenerateDockerfile", "MySQLInDocker", "AutoExecuteSQLScript"],
                "Question": " Which script would you like to run",
                "ShowDefault": true,
                "Default": "./Database-Initialization.sql",
                "AllowHelp": false,
                "Help": "",
                "ShowValidOptions": false,
                "ValidOptions": "",
                "ValidationRegex": false
            },
            {
                "ID": "AutoInstallVSCodeAddons",
                "Type": "YesNo",
                "RequiredAffirmatives": ["AutoGenerateDockerfile"],
                "Question": " Would you like add-ons to be installed by default to Visual Studio Code",
                "ShowDefault": true,
                "Default": "Y",
                "AllowHelp": false,
                "Help": "",
                "ShowValidOptions": false,
                "ValidOptions": "",
                "ValidationRegex": false
            },
            {
                "Type": "YesNo",
                "RequiredAffirmatives": ["AutoGenerateDockerfile", "AutoInstallVSCodeAddons"],
                "Question": " hbenl.vscode-mocha-test-adapter (binding for mocha tests to the test explorer)",
                "ShowDefault": true,
                "Default": "Y",
                "AllowHelp": false,
                "Help": "",
                "ShowValidOptions": false,
                "ValidOptions": "",
                "ValidationRegex": false
            },
            {
                "Type": "YesNo",
                "RequiredAffirmatives": ["AutoGenerateDockerfile", "AutoInstallVSCodeAddons"],
                "Question": " hbenl.test-adapter-converter (mocha test suite conversion)",
                "ShowDefault": true,
                "Default": "Y",
                "AllowHelp": false,
                "Help": "",
                "ShowValidOptions": false,
                "ValidOptions": "",
                "ValidationRegex": false
            },
            {
                "Type": "YesNo",
                "RequiredAffirmatives": ["AutoGenerateDockerfile", "AutoInstallVSCodeAddons"],
                "Question": " hbenl.vscode-test-explorer (tree view for visualizing and executing tests)",
                "ShowDefault": true,
                "Default": "Y",
                "AllowHelp": false,
                "Help": "",
                "ShowValidOptions": false,
                "ValidOptions": "",
                "ValidationRegex": false
            },
            {
                "Type": "YesNo",
                "RequiredAffirmatives": ["AutoGenerateDockerfile", "AutoInstallVSCodeAddons"],
                "Question": " ritwickdey.LiveServer (static html web server)",
                "ShowDefault": true,
                "Default": "Y",
                "AllowHelp": false,
                "Help": "",
                "ShowValidOptions": false,
                "ValidOptions": "",
                "ValidationRegex": false
            },
            {
                "Type": "YesNo",
                "RequiredAffirmatives": ["AutoGenerateDockerfile", "AutoInstallVSCodeAddons"],
                "Question": " daylerees.rainglow (tons of color themes like the freshest theme: freshcut)",
                "ShowDefault": true,
                "Default": "Y",
                "AllowHelp": false,
                "Help": "",
                "ShowValidOptions": false,
                "ValidOptions": "",
                "ValidationRegex": false
            },
            {
                "Type": "YesNo",
                "RequiredAffirmatives": ["AutoGenerateDockerfile", "AutoInstallVSCodeAddons"],
                "Question": " oderwat.indent-rainbow (rainbow-colored indent levels)",
                "ShowDefault": true,
                "Default": "Y",
                "AllowHelp": false,
                "Help": "",
                "ShowValidOptions": false,
                "ValidOptions": "",
                "ValidationRegex": false
            },
            {
                "ID": "EditPackageJSON",
                "Type": "YesNo",
                "Question": " Would you like me to edit the package.json",
                "ShowDefault": true,
                "Default": "Y",
                "AllowHelp": false,
                "Help": "",
                "ShowValidOptions": false,
                "ValidOptions": "",
                "ValidationRegex": false
            },
            {
                "Type": "YesNo",
                "RequiredAffirmatives": ["EditPackageJSON"],
                "Question": " Docker build statements",
                "ShowDefault": true,
                "Default": "Y",
                "AllowHelp": false,
                "Help": "",
                "ShowValidOptions": false,
                "ValidOptions": "",
                "ValidationRegex": false
            },
            {
                "Type": "YesNo",
                "RequiredAffirmatives": ["EditPackageJSON"],
                "Question": " Mocha tdd test run statements",
                "ShowDefault": true,
                "Default": "Y",
                "AllowHelp": false,
                "Help": "",
                "ShowValidOptions": false,
                "ValidOptions": "",
                "ValidationRegex": false
            },
            {
                "Type": "YesNo",
                "RequiredAffirmatives": ["EditPackageJSON"],
                "Question": " Mocha IDE test configurations",
                "ShowDefault": true,
                "Default": "Y",
                "AllowHelp": false,
                "Help": "",
                "ShowValidOptions": false,
                "ValidOptions": "",
                "ValidationRegex": false
            }
        ]
}